Executable,DllName
agentactivationruntimestarter.exe,msvcp110_win.dll
AgentService.exe,FLTLIB.DLL
AgentService.exe,VERSION.dll
AgentService.exe,ACTIVEDS.dll
aitstatic.exe,mscoree.dll
alg.exe,CRYPTBASE.dll
alg.exe,MSWSOCK.dll
appidpolicyconverter.exe,msvcp110_win.dll
appidpolicyconverter.exe,USERENV.dll
appidpolicyconverter.exe,srpapi.dll
ApplicationFrameHost.exe,dxgi.dll
ApplySettingsTemplateCatalog.exe,ACTIVEDS.dll
ApplyTrustOffline.exe,StateRepository.Core.dll
AppVClient.exe,APPVPOLICY.dll
AppVClient.exe,USERENV.dll
AppVClient.exe,WTSAPI32.dll
AppVClient.exe,NETAPI32.dll
AppVClient.exe,Secur32.dll
AppVClient.exe,WININET.dll
AppVShNotify.exe,USERENV.dll
at.exe,schedcli.dll
at.exe,netutils.dll
AtBroker.exe,UxTheme.dll
audiodg.exe,MMDevAPI.DLL
auditpol.exe,auditpolcore.dll
bcdedit.exe,CRYPTSP.dll
BdeHdCfg.exe,WINBRAND.dll
BdeUISrv.exe,USERENV.dll
BdeUISrv.exe,WTSAPI32.dll
bdeunlock.exe,DUser.dll
bdeunlock.exe,DUI70.dll
BioIso.exe,IumSdk.dll
BitLockerDeviceEncryption.exe,FVESKYBACKUP.dll
BitLockerDeviceEncryption.exe,dsreg.dll
BitLockerWizard.exe,FVEWIZ.dll
BitLockerWizardElev.exe,FVEWIZ.dll
bitsadmin.exe,SspiCli.dll
bootcfg.exe,MPR.dll
bootcfg.exe,NETAPI32.dll
bootcfg.exe,SspiCli.dll
bootim.exe,BOOTUX.dll
browserexport.exe,WININET.dll
browserexport.exe,winsqlite3.dll
browserexport.exe,iertutil.dll
browserexport.exe,msIso.dll
bthudtask.exe,DEVOBJ.dll
ByteCodeGenerator.exe,urlmon.dll
cacls.exe,NTMARTA.dll
CameraSettingsUIHost.exe,DUI70.dll
CertEnrollCtrl.exe,certenroll.dll
certreq.exe,certcli.dll
certreq.exe,ncrypt.dll
certreq.exe,profapi.dll
certreq.exe,Secur32.dll
certreq.exe,WININET.dll
certutil.exe,certcli.dll
certutil.exe,Cabinet.dll
certutil.exe,CRYPTUI.dll
certutil.exe,ncrypt.dll
certutil.exe,NETAPI32.dll
certutil.exe,NTDSAPI.dll
certutil.exe,VERSION.dll
certutil.exe,Secur32.dll
change.exe,REGAPI.dll
charmap.exe,GetUName.dll
CheckNetIsolation.exe,fwpuclnt.dll
CheckNetIsolation.exe,FirewallAPI.dll
chglogon.exe,REGAPI.dll
choice.exe,VERSION.dll
CIDiag.exe,wevtapi.dll
CIDiag.exe,bcd.dll
cipher.exe,NTDSAPI.dll
cipher.exe,EFSUTIL.dll
cipher.exe,FeClient.dll
cipher.exe,DSROLE.dll
cleanmgr.exe,VSSAPI.DLL
clip.exe,VERSION.dll
ClipUp.exe,ncrypt.dll
ClipUp.exe,CRYPTXML.dll
CloudNotifications.exe,UxTheme.dll
cmdl32.exe,cmpbk32.dll
cmdl32.exe,Cabinet.dll
cmdl32.exe,RASAPI32.dll
cmdl32.exe,WINHTTP.dll
cmstp.exe,cmutil.dll
cmstp.exe,VERSION.dll
cofire.exe,wdi.dll
cofire.exe,VERSION.dll
colorcpl.exe,colorui.dll
convert.exe,IfsUtil.dll
convert.exe,SCECLI.dll
convert.exe,OSUNINST.dll
CredentialEnrollmentManager.exe,SspiCli.dll
credwiz.exe,samcli.dll
credwiz.exe,netutils.dll
credwiz.exe,MsCtfMonitor.DLL
cscript.exe,VERSION.dll
csvde.exe,DSROLE.dll
csvde.exe,logoncli.dll
csvde.exe,netutils.dll
ctfmon.exe,MsCtfMonitor.DLL
cttune.exe,DWrite.dll
cttune.exe,OLEACC.dll
cttune.exe,UxTheme.dll
CustomShellHost.exe,WTSAPI32.dll
CustomShellHost.exe,SspiCli.dll
CustomShellHost.exe,USERENV.dll
CustomShellHost.exe,PROPSYS.dll
DataExchangeHost.exe,DWrite.dll
DataExchangeHost.exe,TWINAPI.dll
DataExchangeHost.exe,dcomp.dll
DataExchangeHost.exe,d2d1.dll
DataExchangeHost.exe,d3d11.dll
DataUsageLiveTileTask.exe,dusmapi.dll
DataUsageLiveTileTask.exe,IPHLPAPI.DLL
dccw.exe,dxva2.dll
dccw.exe,mscms.dll
dcdiag.exe,DSROLE.dll
dcdiag.exe,netutils.dll
dcdiag.exe,DNSAPI.dll
dcdiag.exe,IPHLPAPI.DLL
dcdiag.exe,samcli.dll
dcdiag.exe,MPR.dll
dcdiag.exe,DSPARSE.dll
dcdiag.exe,srvcli.dll
dcdiag.exe,NETAPI32.dll
dcdiag.exe,NTDSAPI.dll
dcdiag.exe,wevtapi.dll
ddodiag.exe,XmlLite.dll
Defrag.exe,SXSHARED.dll
deploymentcsphelper.exe,WDSCORE.dll
deploymentcsphelper.exe,DismApi.DLL
DeviceCensus.exe,dcntel.dll
DeviceCredentialDeployment.exe,DeviceCredential.dll
DeviceEnroller.exe,dmEnrollEngine.DLL
DeviceEnroller.exe,omadmapi.dll
DeviceEnroller.exe,UMPDC.dll
DeviceEnroller.exe,XmlLite.dll
DeviceEnroller.exe,dmenterprisediagnostics.dll
DeviceEnroller.exe,samcli.dll
DeviceEnroller.exe,netutils.dll
DeviceEnroller.exe,SspiCli.dll
DevicePairingWizard.exe,MFC42u.dll
dfrgui.exe,SXSHARED.dll
dfscmd.exe,NETAPI32.dll
DfsDiag.exe,NETAPI32.dll
DfsDiag.exe,NTDSAPI.dll
DfsDiag.exe,RESUTILS.dll
dfsrdiag.exe,DSPARSE.dll
dfsrdiag.exe,NTDSAPI.dll
dfsrdiag.exe,NETAPI32.dll
dfsrdiag.exe,Secur32.dll
dfsrdiag.exe,framedynos.dll
dfsrdiag.exe,MPR.dll
dfsrdiag.exe,FLTLIB.DLL
dfsrdiag.exe,ESENT.dll
dfsrdiag.exe,CLUSAPI.dll
dfsutil.exe,NETAPI32.dll
dialer.exe,TAPI32.dll
directxdatabaseupdater.exe,DismApi.DLL
dirquota.exe,MFC42u.dll
dirquota.exe,SrmTrace.DLL
diskpart.exe,VERSION.dll
diskraid.exe,VERSION.dll
DiskSnapshot.exe,CRYPTSP.dll
Dism.exe,VERSION.dll
dispdiag.exe,DEVOBJ.dll
dispdiag.exe,WMICLNT.dll
DisplaySwitch.exe,policymanager.dll
DisplaySwitch.exe,UxTheme.dll
DisplaySwitch.exe,dwmapi.dll
DisplaySwitch.exe,WINSTA.dll
DisplaySwitch.exe,DUser.dll
djoin.exe,netprovfw.dll
djoin.exe,netutils.dll
djoin.exe,logoncli.dll
djoin.exe,wkscli.dll
dmcertinst.exe,msvcp110_win.dll
dmcertinst.exe,omadmapi.dll
dmcertinst.exe,certenroll.dll
dmcertinst.exe,UMPDC.dll
dmcertinst.exe,ncrypt.dll
dmcfghost.exe,DMPushProxy.dll
dmcfghost.exe,dsclient.dll
dmcfghost.exe,omadmapi.dll
dmcfghost.exe,dmxmlhelputils.dll
dmclient.exe,WINHTTP.dll
dmclient.exe,XmlLite.dll
DmNotificationBroker.exe,DMCmnUtils.dll
DmNotificationBroker.exe,DUI70.dll
DmNotificationBroker.exe,Windows.UI.Immersive.dll
DmOmaCpMo.exe,omadmapi.dll
DmOmaCpMo.exe,DMProcessXMLFiltered.dll
DmOmaCpMo.exe,dsclient.dll
DmOmaCpMo.exe,dmEnrollEngine.DLL
DmOmaCpMo.exe,msvcp110_win.dll
dnscacheugc.exe,IPHLPAPI.DLL
dnscmd.exe,ncrypt.dll
dnscmd.exe,NETAPI32.dll
dnscmd.exe,NTDSAPI.dll
dnscmd.exe,DNSAPI.dll
dpapimig.exe,samcli.dll
dpapimig.exe,netutils.dll
dpapimig.exe,DUI70.dll
driverquery.exe,SspiCli.dll
driverquery.exe,MPR.dll
driverquery.exe,framedynos.dll
driverquery.exe,VERSION.dll
driverquery.exe,srvcli.dll
driverquery.exe,netutils.dll
dsacls.exe,logoncli.dll
dsacls.exe,netutils.dll
dsacls.exe,NTDSAPI.dll
dsadd.exe,ACTIVEDS.dll
dsadd.exe,NTDSAPI.dll
dsadd.exe,NETAPI32.dll
dsdbutil.exe,DSROLE.dll
dsdbutil.exe,srvcli.dll
dsdbutil.exe,netutils.dll
dsdbutil.exe,ESENT.dll
dsdbutil.exe,NTDSAPI.dll
dsdbutil.exe,VSSAPI.DLL
dsget.exe,ACTIVEDS.dll
dsget.exe,NTDSAPI.dll
dsget.exe,NETAPI32.dll
dsmgmt.exe,NTDSAPI.dll
dsmgmt.exe,logoncli.dll
dsmgmt.exe,netutils.dll
dsmgmt.exe,MPR.dll
dsmgmt.exe,SAMLIB.dll
dsmod.exe,ACTIVEDS.dll
dsmove.exe,ACTIVEDS.dll
dsquery.exe,ATL.DLL
dsquery.exe,dsprop.dll
dsquery.exe,NTDSAPI.dll
dsquery.exe,NETAPI32.dll
dsregcmd.exe,dsreg.dll
dsregcmd.exe,WINHTTP.dll
dsregcmd.exe,WININET.dll
dsregcmd.exe,ncrypt.dll
dsregcmd.exe,USERENV.dll
dsregcmd.exe,Secur32.dll
dsregcmd.exe,wkscli.dll
dsregcmd.exe,netutils.dll
dsrm.exe,ACTIVEDS.dll
dsrm.exe,Secur32.dll
dstokenclean.exe,dsclient.dll
dwm.exe,CoreUIComponents.dll
DXCap.exe,XmlLite.dll
DXCap.exe,d3d11.dll
DXCap.exe,dbghelp.dll
dxgiadaptercache.exe,d3d12.dll
dxgiadaptercache.exe,d3d11.dll
Dxpserver.exe,PROPSYS.dll
Dxpserver.exe,dwmapi.dll
Dxpserver.exe,XmlLite.dll
Dxpserver.exe,msi.dll
EaseOfAccessDialog.exe,OLEACC.dll
EaseOfAccessDialog.exe,DUser.dll
easinvoker.exe,AUTHZ.dll
easinvoker.exe,samcli.dll
easinvoker.exe,netutils.dll
easinvoker.exe,SAMLIB.dll
EASPolicyManagerBrokerHost.exe,policymanager.dll
EDPCleanup.exe,policymanager.dll
EDPCleanup.exe,DMCmnUtils.dll
EDPCleanup.exe,FirewallAPI.dll
EDPCleanup.exe,SspiCli.dll
EDPCleanup.exe,wkscli.dll
EDPCleanup.exe,netutils.dll
EDPCleanup.exe,profapi.dll
EduPrintProv.exe,SspiCli.dll
EduPrintProv.exe,policymanager.dll
EduPrintProv.exe,deviceassociation.dll
efsui.exe,EFSADU.dll
EhStorAuthn.exe,UxTheme.dll
EoAExperiences.exe,d2d1.dll
esentutl.exe,ESENT.dll
eudcedit.exe,MFC42u.dll
eventcreate.exe,MPR.dll
eventcreate.exe,SspiCli.dll
eventcreate.exe,netutils.dll
eventcreate.exe,srvcli.dll
expand.exe,Cabinet.dll
extrac32.exe,Cabinet.dll
fhmanagew.exe,fhsvcctl.dll
FileHistory.exe,UxTheme.dll
filescrn.exe,MFC42u.dll
filescrn.exe,ATL.DLL
filescrn.exe,SrmTrace.DLL
finger.exe,MSWSOCK.dll
fltMC.exe,FLTLIB.DLL
forfiles.exe,VERSION.dll
fsavailux.exe,IfsUtil.dll
FsIso.exe,IumSdk.dll
fsquirt.exe,MSWSOCK.dll
fsquirt.exe,bthprops.cpl
fsquirt.exe,POWRPROF.dll
ftp.exe,MSWSOCK.dll
ftp.exe,SspiCli.dll
FXSCOVER.exe,MFC42u.dll
FXSSVC.exe,VERSION.dll
FXSSVC.exe,TAPI32.dll
FXSSVC.exe,WINSPOOL.DRV
FXSSVC.exe,credui.dll
FXSSVC.exe,FXSTIFF.dll
FXSUNATD.exe,FXSAPI.dll
GamePanel.exe,d2d1.dll
GamePanel.exe,d3d11.dll
GamePanel.exe,DWrite.dll
GamePanel.exe,dcomp.dll
GamePanel.exe,msdrm.dll
GamePanel.exe,UxTheme.dll
GamePanel.exe,dxgi.dll
GamePanel.exe,UIAutomationCore.DLL
GamePanel.exe,dwmapi.dll
GenValObj.exe,CRYPTSP.dll
GenValObj.exe,bcd.dll
getmac.exe,SspiCli.dll
getmac.exe,wkscli.dll
getmac.exe,netutils.dll
getmac.exe,MPR.dll
getmac.exe,framedynos.dll
getmac.exe,srvcli.dll
gpfixup.exe,DSROLE.dll
gpfixup.exe,logoncli.dll
gpfixup.exe,netutils.dll
gpfixup.exe,ACTIVEDS.dll
gpfixup.exe,credui.dll
gpresult.exe,SspiCli.dll
gpresult.exe,logoncli.dll
gpresult.exe,netutils.dll
gpresult.exe,MPR.dll
gpresult.exe,srvcli.dll
gpresult.exe,NTDSAPI.dll
gpresult.exe,Secur32.dll
gpupdate.exe,GPAPI.dll
gpupdate.exe,USERENV.dll
gpupdate.exe,wevtapi.dll
hvax64.exe,KDSTUB.dll
hvix64.exe,KDSTUB.dll
hvsievaluator.exe,policymanager.dll
hvsievaluator.exe,DismApi.DLL
hvsievaluator.exe,configmanager2.dll
hvsievaluator.exe,omadmapi.dll
ie4uinit.exe,IEADVPACK.dll
ie4uinit.exe,iedkcs32.dll
ie4uinit.exe,urlmon.dll
ie4uinit.exe,WININET.dll
ie4uinit.exe,NETAPI32.dll
ie4uinit.exe,MLANG.dll
ie4ushowIE.exe,VERSION.dll
IESettingSync.exe,SspiCli.dll
IESettingSync.exe,Cabinet.dll
IESettingSync.exe,MPR.dll
IESettingSync.exe,UMPDC.dll
IESettingSync.exe,iertutil.dll
iexpress.exe,VERSION.dll
immersivetpmvscmgrsvr.exe,profapi.dll
immersivetpmvscmgrsvr.exe,WinSCard.dll
InfDefaultInstall.exe,newdev.dll
InfDefaultInstall.exe,drvstore.dll
ipconfig.exe,IPHLPAPI.DLL
ipconfig.exe,dhcpcsvc.DLL
ipconfig.exe,dhcpcsvc6.DLL
ipconfig.exe,DNSAPI.dll
iscsicli.exe,ISCSIDSC.dll
isoburn.exe,UxTheme.dll
klist.exe,SspiCli.dll
klist.exe,logoncli.dll
klist.exe,netutils.dll
ksetup.exe,logoncli.dll
ksetup.exe,SspiCli.dll
ksetup.exe,srvcli.dll
ksetup.exe,netutils.dll
ktmutil.exe,ktmw32.dll
label.exe,IfsUtil.dll
LaunchWinApp.exe,iertutil.dll
ldifde.exe,logoncli.dll
ldifde.exe,netutils.dll
ldifde.exe,urlmon.dll
ldp.exe,MFC42u.dll
ldp.exe,SspiCli.dll
LegacyNetUXHost.exe,wlanapi.dll
licensingdiag.exe,Cabinet.dll
licensingdiag.exe,CLIPC.dll
licensingdiag.exe,WINBRAND.dll
LicensingUI.exe,DUI70.dll
LicMgr.exe,LRWizDLL.dll
LicMgr.exe,credui.dll
LicMgr.exe,NTDSAPI.dll
LocationNotificationWindows.exe,msvcp110_win.dll
LockAppHost.exe,LockHostingFramework.dll
LockScreenContentServer.exe,DUI70.dll
LockScreenContentServer.exe,DUser.dll
LockScreenContentServer.exe,dwmapi.dll
lodctr.exe,loadperf.dll
logagent.exe,WININET.dll
logman.exe,SspiCli.dll
lpksetup.exe,dpx.dll
lpremove.exe,Bcp47Langs.dll
lpremove.exe,AppXDeploymentClient.dll
Magnify.exe,OLEACC.dll
Magnify.exe,MAGNIFICATION.dll
Magnify.exe,UIAutomationCore.DLL
makecab.exe,Cabinet.dll
manage-bde.exe,profapi.dll
MbaeParserTask.exe,wevtapi.dll
MbaeParserTask.exe,MbaeXmlParser.DLL
MbaeParserTask.exe,MobileNetworking.dll
mblctr.exe,BatMeter.dll
mblctr.exe,UxTheme.dll
mblctr.exe,dwmapi.dll
mblctr.exe,WINMM.dll
mblctr.exe,WTSAPI32.dll
MDEServer.exe,winmde.dll
MDMAgent.exe,msvcp110_win.dll
MDMAgent.exe,omadmapi.dll
MDMAgent.exe,dmEnrollEngine.DLL
MDMAppInstaller.exe,msvcp110_win.dll
MDMAppInstaller.exe,dmEnrollEngine.DLL
MDMAppInstaller.exe,WTSAPI32.dll
MDMAppInstaller.exe,msi.dll
MDMAppInstaller.exe,omadmapi.dll
MdmDiagnosticsTool.exe,MdmDiagnostics.dll
MdSched.exe,bcd.dll
mfpmp.exe,MFCORE.dll
mfpmp.exe,MFPlat.DLL
Microsoft.Uev.CscUnpinTool.exe,CSCAPI.dll
MicrosoftEdgeBCHost.exe,edgeIso.dll
MicrosoftEdgeCP.exe,edgeIso.dll
MicrosoftEdgeDevTools.exe,edgeIso.dll
MicrosoftEdgeSH.exe,iertutil.dll
MicrosoftEdgeSH.exe,edgeIso.dll
mmc.exe,UxTheme.dll
mmc.exe,DUser.dll
MoUsoCoreWorker.exe,dmiso8601utils.dll
MoUsoCoreWorker.exe,IPHLPAPI.DLL
MoUsoCoreWorker.exe,UMPDC.dll
MoUsoCoreWorker.exe,UpdatePolicy.dll
MoUsoCoreWorker.exe,DMCmnUtils.dll
MoUsoCoreWorker.exe,XmlLite.dll
MoUsoCoreWorker.exe,winsqlite3.dll
MoUsoCoreWorker.exe,profapi.dll
MRT.exe,USERENV.dll
MSchedExe.exe,MaintenanceUI.dll
msconfig.exe,MFC42u.dll
msconfig.exe,ATL.DLL
msconfig.exe,VERSION.dll
msconfig.exe,bcd.dll
msdt.exe,UxTheme.dll
msdt.exe,ATL.DLL
msdt.exe,DUser.dll
msdt.exe,wer.dll
msdt.exe,Secur32.dll
msdt.exe,WINHTTP.dll
msdt.exe,Cabinet.dll
msdtc.exe,MSDTCTM.dll
msg.exe,WINSTA.dll
msinfo32.exe,MFC42u.dll
msinfo32.exe,ATL.DLL
msinfo32.exe,POWRPROF.dll
msinfo32.exe,SLC.dll
mspaint.exe,MFC42u.dll
mspaint.exe,PROPSYS.dll
mspaint.exe,WINMM.dll
msra.exe,UxTheme.dll
msra.exe,NDFAPI.DLL
msra.exe,SspiCli.dll
msra.exe,USERENV.dll
mstsc.exe,WININET.dll
mstsc.exe,VERSION.dll
mstsc.exe,NETAPI32.dll
mstsc.exe,WINMM.dll
mstsc.exe,ktmw32.dll
mstsc.exe,IPHLPAPI.DLL
mtstocom.exe,SspiCli.dll
MuiUnattend.exe,SspiCli.dll
MultiDigiMon.exe,NInput.dll
MusNotificationUx.exe,USERENV.dll
MusNotificationUx.exe,XmlLite.dll
MusNotificationUx.exe,DMCmnUtils.dll
MusNotificationUx.exe,UPShared.dll
MusNotificationUx.exe,UpdatePolicy.dll
MusNotifyIcon.exe,XmlLite.dll
MusNotifyIcon.exe,UPShared.dll
MusNotifyIcon.exe,DMCmnUtils.dll
MusNotifyIcon.exe,UxTheme.dll
nbtstat.exe,MSWSOCK.dll
nbtstat.exe,IPHLPAPI.DLL
net.exe,MPR.dll
net.exe,wkscli.dll
net.exe,netutils.dll
net.exe,samcli.dll
net.exe,srvcli.dll
net.exe,IPHLPAPI.DLL
net1.exe,samcli.dll
net1.exe,netutils.dll
net1.exe,DSROLE.dll
net1.exe,srvcli.dll
net1.exe,wkscli.dll
net1.exe,logoncli.dll
net1.exe,CRYPTBASE.dll
netbtugc.exe,IPHLPAPI.DLL
netdom.exe,netutils.dll
netdom.exe,logoncli.dll
netdom.exe,wkscli.dll
netdom.exe,DNSAPI.dll
netdom.exe,samcli.dll
netdom.exe,DSPARSE.dll
netdom.exe,srvcli.dll
netdom.exe,DSROLE.dll
netdom.exe,SspiCli.dll
netdom.exe,netjoin.dll
netdom.exe,credui.dll
netdom.exe,cryptdll.dll
netdom.exe,NTDSAPI.dll
NetEvtFwdr.exe,UMPDC.dll
netiougc.exe,IPHLPAPI.DLL
netiougc.exe,dhcpcsvc.DLL
Netplwiz.exe,NETPLWIZ.dll
NgcIso.exe,IumSdk.dll
nlb.exe,wevtapi.dll
nlbmgr.exe,MFC42u.dll
nlbmgr.exe,credui.dll
nlbmgr.exe,icmp.dll
nltest.exe,NTDSAPI.dll
nltest.exe,logoncli.dll
nltest.exe,netutils.dll
nslookup.exe,DNSAPI.dll
nslookup.exe,MSWSOCK.dll
ntdsutil.exe,NTDSAPI.dll
ntdsutil.exe,logoncli.dll
ntdsutil.exe,netutils.dll
ntdsutil.exe,DSROLE.dll
ntdsutil.exe,srvcli.dll
ntdsutil.exe,MPR.dll
ntdsutil.exe,ESENT.dll
ntdsutil.exe,SAMLIB.dll
ntdsutil.exe,VSSAPI.DLL
omadmclient.exe,XmlLite.dll
omadmclient.exe,coredpus.dll
omadmclient.exe,CRYPTSP.dll
omadmclient.exe,omadmapi.dll
omadmclient.exe,dmiso8601utils.dll
omadmclient.exe,profapi.dll
omadmclient.exe,UMPDC.dll
omadmclient.exe,dmEnrollEngine.DLL
omadmclient.exe,dmenterprisediagnostics.dll
omadmclient.exe,IPHLPAPI.DLL
omadmclient.exe,msvcp110_win.dll
omadmprc.exe,DMPushProxy.dll
omadmprc.exe,omadmapi.dll
openfiles.exe,MPR.dll
openfiles.exe,framedynos.dll
openfiles.exe,VERSION.dll
openfiles.exe,srvcli.dll
openfiles.exe,netutils.dll
openfiles.exe,SspiCli.dll
OptionalFeatures.exe,appwiz.cpl
osk.exe,OskSupport.dll
osk.exe,dwmapi.dll
osk.exe,OLEACC.dll
osk.exe,WINMM.dll
osk.exe,WMsgAPI.dll
osk.exe,DUser.dll
osk.exe,DUI70.dll
pacjsworker.exe,WINHTTP.dll
PackageInspector.exe,wevtapi.dll
PackageInspector.exe,msi.dll
PasswordOnWakeSettingFlyout.exe,UxTheme.dll
PasswordOnWakeSettingFlyout.exe,DUI70.dll
pcalua.exe,pcaui.dll
pcaui.exe,pcaui.dll
perfmon.exe,ATL.DLL
perfmon.exe,credui.dll
perfmon.exe,SspiCli.dll
phoneactivate.exe,Windows.UI.Immersive.dll
phoneactivate.exe,SLC.dll
phoneactivate.exe,sppcext.dll
phoneactivate.exe,DUI70.dll
PinEnrollmentBroker.exe,SspiCli.dll
PinEnrollmentBroker.exe,PROPSYS.dll
PnPUnattend.exe,newdev.dll
PnPUnattend.exe,MPR.dll
pnputil.exe,DEVOBJ.dll
pnputil.exe,Cabinet.dll
PresentationHost.exe,VERSION.dll
PresentationHost.exe,mscoree.dll
PresentationHost.exe,WININET.dll
PresentationHost.exe,urlmon.dll
PresentationSettings.exe,SspiCli.dll
PresentationSettings.exe,WINMM.dll
PrintBrmUi.exe,WINSPOOL.DRV
printfilterpipelinesvc.exe,POWRPROF.dll
printfilterpipelinesvc.exe,prntvpt.dll
printfilterpipelinesvc.exe,xpsservices.dll
proquota.exe,USERENV.dll
provlaunch.exe,msvcp110_win.dll
provtool.exe,msvcp110_win.dll
provtool.exe,dmcommandlineutils.dll
provtool.exe,profapi.dll
ProximityUxHost.exe,ProximityCommon.dll
ProximityUxHost.exe,ProximityServicePAL.dll
ProximityUxHost.exe,PROPSYS.dll
ProximityUxHost.exe,dwmapi.dll
ProximityUxHost.exe,WINMM.dll
ProximityUxHost.exe,deviceassociation.dll
ProximityUxHost.exe,OpcServices.DLL
ProximityUxHost.exe,DUI70.dll
psr.exe,uireng.dll
psr.exe,VERSION.dll
psr.exe,XmlLite.dll
qappsrv.exe,NETAPI32.dll
qprocess.exe,WINSTA.dll
qprocess.exe,UTILDLL.dll
query.exe,REGAPI.dll
quser.exe,WINSTA.dll
quser.exe,UTILDLL.dll
qwinsta.exe,WINSTA.dll
qwinsta.exe,UTILDLL.dll
rasautou.exe,RASDLG.dll
rasdial.exe,RASAPI32.dll
raserver.exe,WTSAPI32.dll
raserver.exe,samcli.dll
raserver.exe,netutils.dll
rasphone.exe,rtutils.dll
rdpclip.exe,WINSTA.dll
rdpclip.exe,WTSAPI32.dll
rdpclip.exe,MPR.dll
rdpclip.exe,WINSPOOL.DRV
rdpclip.exe,dwmapi.dll
rdpclip.exe,DEVOBJ.dll
rdpinput.exe,WINSTA.dll
rdpinput.exe,WTSAPI32.dll
RdpSa.exe,SspiCli.dll
RdpSa.exe,WINSTA.dll
RdpSaUacHelper.exe,WINSTA.dll
rdpshell.exe,WTSAPI32.dll
rdpshell.exe,WINSTA.dll
rdpshell.exe,dwmapi.dll
RDVGHelper.exe,WTSAPI32.dll
RDVGHelper.exe,dwmapi.dll
ReAgentc.exe,ReAgent.dll
recdisc.exe,bcd.dll
recdisc.exe,ReAgent.dll
recover.exe,IfsUtil.dll
RecoveryDrive.exe,UNATTEND.DLL
RecoveryDrive.exe,WIMGAPI.DLL
RecoveryDrive.exe,UxTheme.dll
RecoveryDrive.exe,VSSAPI.DLL
RecoveryDrive.exe,ReAgent.dll
RecoveryDrive.exe,WDSCORE.dll
RecoveryDrive.exe,bcd.dll
RecoveryDrive.exe,WOFUTIL.dll
RecoveryDrive.exe,WINHTTP.dll
redircmp.exe,logoncli.dll
redircmp.exe,netutils.dll
redirusr.exe,logoncli.dll
redirusr.exe,netutils.dll
Register-CimProvider.exe,prvdmofcomp.dll
rekeywiz.exe,EFSADU.dll
rekeywiz.exe,MPR.dll
rekeywiz.exe,DSROLE.dll
rekeywiz.exe,CRYPTUI.dll
relog.exe,pdh.dll
RelPost.exe,ReAgent.dll
RelPost.exe,wer.dll
RelPost.exe,VERSION.dll
rendom.exe,DNSAPI.dll
rendom.exe,logoncli.dll
rendom.exe,netutils.dll
rendom.exe,DSPARSE.dll
rendom.exe,NTDSAPI.dll
repadmin.exe,NTDSAPI.dll
repadmin.exe,logoncli.dll
repadmin.exe,netutils.dll
repadmin.exe,MPR.dll
repadmin.exe,DNSAPI.dll
repadmin.exe,DSROLE.dll
repadmin.exe,certcli.dll
repadmin.exe,Secur32.dll
repair-bde.exe,BDEREPAIR.dll
RMActivate.exe,CRYPTSP.dll
RMActivate_isv.exe,CRYPTSP.dll
RMActivate_ssp.exe,CRYPTSP.dll
RMActivate_ssp_isv.exe,CRYPTSP.dll
rmttpmvscmgrsvr.exe,profapi.dll
rmttpmvscmgrsvr.exe,WinSCard.dll
RpcPing.exe,WINHTTP.dll
RpcPing.exe,credui.dll
RpcPing.exe,SspiCli.dll
rstrui.exe,SRCORE.dll
runas.exe,credui.dll
runas.exe,netutils.dll
runas.exe,SspiCli.dll
runexehelper.exe,USERENV.dll
RuntimeBroker.exe,RMCLIENT.dll
rwinsta.exe,WINSTA.dll
sdbinst.exe,apphelp.dll
sdclt.exe,SPP.dll
sdclt.exe,ReAgent.dll
sdclt.exe,wer.dll
sdclt.exe,SspiCli.dll
sdclt.exe,MPR.dll
sdclt.exe,UxTheme.dll
sdclt.exe,WTSAPI32.dll
sdclt.exe,VSSAPI.DLL
sdclt.exe,bcd.dll
SearchFilterHost.exe,TQUERY.DLL
SearchProtocolHost.exe,TQUERY.DLL
SecEdit.exe,SCECLI.dll
secinit.exe,wkscli.dll
SecurityHealthService.exe,USERENV.dll
SecurityHealthService.exe,FirewallAPI.dll
SecurityHealthService.exe,WTSAPI32.dll
SecurityHealthService.exe,Wldp.dll
SecurityHealthService.exe,drvstore.dll
SecurityHealthService.exe,winbio.dll
sessionmsg.exe,DUser.dll
sessionmsg.exe,DUI70.dll
sethc.exe,PlaySndSrv.DLL
sethc.exe,OLEACC.dll
sethc.exe,UxTheme.dll
sethc.exe,DUI70.dll
sethc.exe,WTSAPI32.dll
setspn.exe,logoncli.dll
setspn.exe,netutils.dll
setspn.exe,NTDSAPI.dll
SettingSyncHost.exe,policymanager.dll
SettingSyncHost.exe,UMPDC.dll
SettingSyncHost.exe,USERENV.dll
SettingSyncHost.exe,PROPSYS.dll
setupugc.exe,DNSAPI.dll
setupugc.exe,WDSCORE.dll
setupugc.exe,MPR.dll
setx.exe,SspiCli.dll
sfc.exe,POWRPROF.dll
sfc.exe,VERSION.dll
SgrmBroker.exe,tbs.dll
SgrmBroker.exe,ncrypt.dll
SgrmLpac.exe,WINHTTP.dll
shrpubw.exe,MFC42u.dll
shrpubw.exe,netutils.dll
shrpubw.exe,srvcli.dll
shrpubw.exe,ACLUI.dll
sigverif.exe,VERSION.dll
SIHClient.exe,WINHTTP.dll
SIHClient.exe,DNSAPI.dll
SIHClient.exe,Cabinet.dll
sihost.exe,CoreMessaging.dll
slui.exe,WINBRAND.dll
slui.exe,WTSAPI32.dll
slui.exe,SLC.dll
SndVol.exe,UxTheme.dll
SndVol.exe,dwmapi.dll
SnippingTool.exe,UxTheme.dll
SnippingTool.exe,OLEACC.dll
SnippingTool.exe,dwmapi.dll
SnippingTool.exe,msdrm.dll
SpaceAgent.exe,NETAPI32.dll
Spectrum.exe,SpectrumSyncClient.dll
spoolsv.exe,DNSAPI.dll
sppsvc.exe,CRYPTXML.dll
sppsvc.exe,XmlLite.dll
sppsvc.exe,pkeyhelper.dll
SrTasks.exe,SPP.dll
SrTasks.exe,SRCLIENT.dll
SrTasks.exe,SRCORE.dll
storrept.exe,MFC42u.dll
storrept.exe,ATL.DLL
storrept.exe,SrmTrace.DLL
SyncHost.exe,PROPSYS.dll
SyncHost.exe,WinSync.dll
SysResetErr.exe,DUI70.dll
SysResetErr.exe,WDSCORE.dll
systeminfo.exe,MPR.dll
systeminfo.exe,VERSION.dll
systeminfo.exe,SspiCli.dll
SystemPropertiesAdvanced.exe,SYSDM.CPL
SystemPropertiesComputerName.exe,SYSDM.CPL
SystemPropertiesDataExecutionPrevention.exe,SYSDM.CPL
SystemPropertiesHardware.exe,SYSDM.CPL
SystemPropertiesPerformance.exe,SYSDM.CPL
SystemPropertiesProtection.exe,SYSDM.CPL
SystemPropertiesRemote.exe,SYSDM.CPL
systemreset.exe,ResetEngine.dll
SystemSettingsAdminFlows.exe,SystemSettingsThresholdAdminFlowUI.dll
SystemSettingsAdminFlows.exe,newdev.dll
SystemSettingsAdminFlows.exe,DUI70.dll
SystemSettingsAdminFlows.exe,logoncli.dll
SystemSettingsAdminFlows.exe,DismApi.DLL
SystemSettingsAdminFlows.exe,Wldp.dll
SystemSettingsAdminFlows.exe,timesync.dll
SystemSettingsAdminFlows.exe,Bcp47Langs.dll
SystemSettingsRemoveDevice.exe,DUI70.dll
tabcal.exe,HID.DLL
tabcal.exe,NInput.dll
takeown.exe,SspiCli.dll
TapiUnattend.exe,WDSCORE.dll
tar.exe,archiveint.dll
taskkill.exe,VERSION.dll
taskkill.exe,MPR.dll
taskkill.exe,framedynos.dll
taskkill.exe,dbghelp.dll
taskkill.exe,SspiCli.dll
taskkill.exe,srvcli.dll
taskkill.exe,netutils.dll
tasklist.exe,VERSION.dll
tasklist.exe,MPR.dll
tasklist.exe,framedynos.dll
tasklist.exe,dbghelp.dll
tasklist.exe,SspiCli.dll
tasklist.exe,srvcli.dll
tasklist.exe,netutils.dll
Taskmgr.exe,UxTheme.dll
Taskmgr.exe,credui.dll
Taskmgr.exe,DUser.dll
Taskmgr.exe,pdh.dll
Taskmgr.exe,dxcore.dll
Taskmgr.exe,dxgi.dll
Taskmgr.exe,d3d11.dll
Taskmgr.exe,d3d12.dll
tcmsetup.exe,TAPI32.dll
telnet.exe,Security.dll
TieringEngineService.exe,ESENT.dll
TieringEngineService.exe,CLUSAPI.dll
timeout.exe,VERSION.dll
TokenBrokerCookies.exe,WININET.dll
TpmTool.exe,TpmCoreProvisioning.DLL
TpmTool.exe,tbs.dll
tpmvscmgrsvr.exe,profapi.dll
tpmvscmgrsvr.exe,WinSCard.dll
tracerpt.exe,XmlLite.dll
tracerpt.exe,dbghelp.dll
tracerpt.exe,wevtapi.dll
tracerpt.exe,pdh.dll
tscon.exe,WINSTA.dll
tsdiscon.exe,WINSTA.dll
tskill.exe,WINSTA.dll
tttracer.exe,TTDRecord.dll
typeperf.exe,pdh.dll
unlodctr.exe,loadperf.dll
unregmp2.exe,VERSION.dll
upfc.exe,XmlLite.dll
UsoClient.exe,UpdatePolicy.dll
usocoreworker.exe,profapi.dll
usocoreworker.exe,UMPDC.dll
usocoreworker.exe,omadmapi.dll
usocoreworker.exe,dmiso8601utils.dll
usocoreworker.exe,XmlLite.dll
usocoreworker.exe,UpdatePolicy.dll
usocoreworker.exe,DMOleAutUtils.dll
UtcDecoderHost.exe,USERENV.dll
Utilman.exe,OLEACC.dll
Utilman.exe,DUser.dll
Utilman.exe,DUI70.dll
VaultCmd.exe,USERENV.dll
VaultCmd.exe,VAULTCLI.dll
vds.exe,OSUNINST.dll
vdsldr.exe,ATL.DLL
vdsldr.exe,vdsutil.dll
verifiergui.exe,VERSION.dll
verifiergui.exe,MFC42u.dll
VsGraphicsDesktopEngine.exe,VERSION.dll
VsGraphicsDesktopEngine.exe,XmlLite.dll
VsGraphicsDesktopEngine.exe,webservices.dll
VsGraphicsDesktopEngine.exe,d3d11.dll
VsGraphicsDesktopEngine.exe,d2d1.dll
VsGraphicsDesktopEngine.exe,DEVOBJ.dll
VsGraphicsRemoteEngine.exe,d3d11.dll
VsGraphicsRemoteEngine.exe,XmlLite.dll
VsGraphicsRemoteEngine.exe,webservices.dll
VsGraphicsRemoteEngine.exe,d2d1.dll
VsGraphicsRemoteEngine.exe,dxgi.dll
vssadmin.exe,ATL.DLL
vssadmin.exe,VSSAPI.DLL
vssadmin.exe,VssTrace.DLL
VSSVC.exe,DEVOBJ.dll
VSSVC.exe,VSSAPI.DLL
VSSVC.exe,VssTrace.DLL
VSSVC.exe,AUTHZ.dll
VSSVC.exe,VirtDisk.dll
VSSVC.exe,bcd.dll
w32tm.exe,IPHLPAPI.DLL
w32tm.exe,logoncli.dll
w32tm.exe,netutils.dll
w32tm.exe,NTDSAPI.dll
waitfor.exe,MPR.dll
waitfor.exe,VERSION.dll
waitfor.exe,srvcli.dll
waitfor.exe,netutils.dll
waitfor.exe,SspiCli.dll
wbadmin.exe,credui.dll
wbengine.exe,VirtDisk.dll
wbengine.exe,bcd.dll
wbengine.exe,SPP.dll
wbengine.exe,NETAPI32.dll
wbengine.exe,XmlLite.dll
wbengine.exe,CLUSAPI.dll
wbengine.exe,wer.dll
wecutil.exe,WecApi.dll
WerFault.exe,CRYPTSP.dll
WerFault.exe,wer.dll
WerFault.exe,dbghelp.dll
WerFault.exe,faultrep.dll
WerFaultSecure.exe,faultrep.dll
WerFaultSecure.exe,wer.dll
wermgr.exe,wer.dll
wextract.exe,Cabinet.dll
wextract.exe,VERSION.dll
WFS.exe,MFC42u.dll
WFS.exe,WINSPOOL.DRV
WFS.exe,UxTheme.dll
WFS.exe,WINMM.dll
WFS.exe,credui.dll
WFS.exe,ATL.DLL
where.exe,VERSION.dll
whoami.exe,VERSION.dll
whoami.exe,AUTHZ.dll
whoami.exe,SspiCli.dll
whoami.exe,wkscli.dll
whoami.exe,netutils.dll
wiaacmgr.exe,ScanSetting.DLL
wiawow64.exe,ScanSetting.DLL
wifitask.exe,UMPDC.dll
wifitask.exe,HTTPAPI.dll
wifitask.exe,wlanapi.dll
wifitask.exe,webservices.dll
wifitask.exe,IPHLPAPI.DLL
wimserv.exe,Cabinet.dll
WindowsActionDialog.exe,msvcp110_win.dll
WindowsActionDialog.exe,DUI70.dll
winrs.exe,WsmSvc.DLL
WinSAT.exe,VERSION.dll
WinSAT.exe,WINMM.dll
WinSAT.exe,d3d10_1.dll
WinSAT.exe,d3d10.dll
wkspbroker.exe,RADCUI.dll
wksprt.exe,webservices.dll
wksprt.exe,WININET.dll
wlbs.exe,wevtapi.dll
wlrmdr.exe,SspiCli.dll
wlrmdr.exe,DUI70.dll
WMPDMC.exe,UxTheme.dll
WMPDMC.exe,wmpdui.dll
WMPDMC.exe,OLEACC.dll
WMPDMC.exe,dwmapi.dll
WMPDMC.exe,WindowsCodecs.dll
WorkFolders.exe,dmEnrollEngine.DLL
WorkFolders.exe,policymanager.dll
WpcMon.exe,USERENV.dll
WpcMon.exe,samcli.dll
wpnpinst.exe,WINSPOOL.DRV
wpnpinst.exe,Cabinet.dll
wpr.exe,WindowsPerformanceRecorderControl.dll
wscadminui.exe,WSCAPI.dll
wscript.exe,VERSION.dll
WSManHTTPConfig.exe,WsmSvc.DLL
wsmprovhost.exe,WsmSvc.DLL
WSReset.exe,wevtapi.dll
wusa.exe,dpx.dll
wusa.exe,WTSAPI32.dll
WWAHost.exe,profapi.dll
WWAHost.exe,iertutil.dll
xcopy.exe,IfsUtil.dll